{"train": 0, "train/loss": 0, "train/bpp_total": 0, "train/bpp_feature": 0, "train/bpp_z": 0, "train/bpp_mv": 0, "train/mse": 0, "train/distorsion": 0, "train/warp_psnr_loss": 0, "train/inter_psnr_loss": 0, "_runtime": 99, "_timestamp": 1712094369, "_step": 51, "valid_batch": 50, "valid_batch/loss": 6.325519561767578, "valid_batch/bpp_total": 0.3428317904472351, "valid_batch/bpp_feature": 0.07239129394292831, "valid_batch/bpp_z": 0.07239129394292831, "valid_batch/bpp_mv": 0.0412580780684948, "valid_batch/mse": 0.005842468701303005, "valid_batch/distorsion": 0.005842468701303005, "valid_batch/inter_psnr": 21.331806182861328, "valid_batch/warp_psnr": 21.26789093017578, "valid": 0, "valid/loss": 5.0045360612869265, "valid/bpp_total": 0.381862998008728, "valid/bpp_feature": 0.12757927179336548, "valid/bpp_z": 0.07239436358213425, "valid/bpp_mv": 0.10926005989313126, "valid/mse": 0.0045143296010792255, "valid/distorsion": 0.0045143296010792255, "valid/warp_psnr_loss": 23.71170229911804, "valid/inter_psnr_loss": 23.087386417388917, "_wandb": {"runtime": 99}}