{"train_batch": 630, "train_batch/loss": 3.767031669616699, "train_batch/bpp_total": 0.5669645071029663, "train_batch/bpp_feature": 0.07240338623523712, "train_batch/bpp_z": 0.07240338623523712, "train_batch/bpp_mv": 0.25893229246139526, "train_batch/mse": 0.002574814483523369, "train_batch/distorsion": 0.0031250654719769955, "train_batch/inter_psnr": 25.15727996826172, "train_batch/warp_psnr": 26.103544235229492, "_runtime": 321, "_timestamp": 1712095792, "_step": 62, "_wandb": {"runtime": 323}}