{"train": 0, "train/loss": 0, "train/bpp_total": 0, "train/bpp_feature": 0, "train/bpp_z": 0, "train/bpp_mv": 0, "train/mse": 0, "train/distorsion": 0, "train/warp_psnr_loss": 0, "train/inter_psnr_loss": 0, "_runtime": 96, "_timestamp": 1712094610, "_step": 102, "valid_batch": 50, "valid_batch/loss": 5.726241588592529, "valid_batch/bpp_total": 0.34325820207595825, "valid_batch/bpp_feature": 0.07248257845640182, "valid_batch/bpp_z": 0.07248257845640182, "valid_batch/bpp_mv": 0.07989029586315155, "valid_batch/mse": 0.005256819538772106, "valid_batch/distorsion": 0.005256819538772106, "valid_batch/inter_psnr": 22.02939748764038, "valid_batch/warp_psnr": 21.88631772994995, "valid": 0, "valid/loss": 5.498111937046051, "valid/bpp_total": 0.3843035399913788, "valid/bpp_feature": 0.1269589066505432, "valid/bpp_z": 0.07247795909643173, "valid/bpp_mv": 0.11224095523357391, "valid/mse": 0.0049939523451030254, "valid/distorsion": 0.0049939523451030254, "valid/warp_psnr_loss": 22.9614138841629, "valid/inter_psnr_loss": 23.078103399276735, "test_batch": 50, "test_batch/loss": 4.402820587158203, "test_batch/bpp_total": 0.5910842418670654, "test_batch/bpp_feature": 0.07247146964073181, "test_batch/bpp_z": 0.07247146964073181, "test_batch/bpp_mv": 0.2853764593601227, "test_batch/mse": 0.0037223990075290203, "test_batch/distorsion": 0.0037223990075290203, "test_batch/inter_psnr": 21.905882358551025, "test_batch/warp_psnr": 20.87510585784912, "test": 0, "test/loss": 4.094032244682312, "test/bpp_total": 0.3561899960041046, "test/bpp_feature": 0.09788299351930618, "test/bpp_z": 0.07248201221227646, "test/bpp_mv": 0.11319389194250107, "test/mse": 0.0036502364091575146, "test/distorsion": 0.0036502364091575146, "test/warp_psnr_loss": 24.659274911880495, "test/inter_psnr_loss": 23.699775409698486}