{"train_batch": 2180, "train_batch/loss": 2.131693124771118, "train_batch/bpp_total": 0.5633171796798706, "train_batch/bpp_feature": 0.046430554240942, "train_batch/bpp_z": 0.046430554240942, "train_batch/bpp_mv": 0.2015119045972824, "train_batch/mse": 0.000910277827642858, "train_batch/distorsion": 0.0015316171338781714, "train_batch/inter_psnr": 25.202646255493164, "train_batch/warp_psnr": 24.95490789413452, "_runtime": 324, "_timestamp": 1712084570, "_step": 217, "_wandb": {"runtime": 325}}