{"train_batch": 760, "train_batch/loss": 5.313724040985107, "train_batch/bpp_total": 0.6095752120018005, "train_batch/bpp_feature": 0.07008673250675201, "train_batch/bpp_z": 0.07008673250675201, "train_batch/bpp_mv": 0.2470828741788864, "train_batch/mse": 0.003686558222398162, "train_batch/distorsion": 0.00459389528259635, "train_batch/inter_psnr": 22.93332576751709, "train_batch/warp_psnr": 23.99684429168701, "_runtime": 161, "_timestamp": 1712091668, "_step": 75}